state,url,secondary,tertiary,dateChecked,date,size
VT,https://covidtracking.com/screenshots/VT/VT-20200315-022129.png,false,false,2020-03-15T06:21:29.000Z,20200315,340034
VT,https://covidtracking.com/screenshots/VT/VT-20200315-164110.png,false,false,2020-03-15T20:41:10.000Z,20200315,333269
VT,https://covidtracking.com/screenshots/VT/VT-20200316-110220.png,false,false,2020-03-16T15:02:20.000Z,20200316,344893
VT,https://covidtracking.com/screenshots/VT/VT-20200316-231257.png,false,false,2020-03-17T03:12:57.000Z,20200317,348555
VT,https://covidtracking.com/screenshots/VT/VT-20200317-141808.png,false,false,2020-03-17T18:18:08.000Z,20200317,361937
VT,https://covidtracking.com/screenshots/VT/VT-20200317-180813.png,false,false,2020-03-17T22:08:13.000Z,20200317,354149
VT,https://covidtracking.com/screenshots/VT/VT-20200318-010706.png,false,false,2020-03-18T05:07:06.000Z,20200318,373885
VT,https://covidtracking.com/screenshots/VT/VT-20200318-142642.png,false,false,2020-03-18T18:26:42.000Z,20200318,392966
VT,https://covidtracking.com/screenshots/VT/VT-20200319-010724.png,false,false,2020-03-19T05:07:24.000Z,20200319,289162
VT,https://covidtracking.com/screenshots/VT/VT-20200319-141112.png,false,false,2020-03-19T18:11:12.000Z,20200319,289721
VT,https://covidtracking.com/screenshots/VT/VT-20200319-190820.png,false,false,2020-03-19T23:08:20.000Z,20200319,291333
VT,https://covidtracking.com/screenshots/VT/VT-20200320-010818.png,false,false,2020-03-20T05:08:18.000Z,20200320,291362
VT,https://covidtracking.com/screenshots/VT/VT-20200320-141354.png,false,false,2020-03-20T18:13:54.000Z,20200320,291501
VT,https://covidtracking.com/screenshots/VT/VT-20200320-191943.png,false,false,2020-03-20T23:19:43.000Z,20200320,291540
VT,https://covidtracking.com/screenshots/VT/VT-20200321-011057.png,false,false,2020-03-21T05:10:57.000Z,20200321,291540
VT,https://covidtracking.com/screenshots/VT/VT-20200321-141131.png,false,false,2020-03-21T18:11:31.000Z,20200321,291540
VT,https://covidtracking.com/screenshots/VT/VT-20200321-190955.png,false,false,2020-03-21T23:09:55.000Z,20200321,328514
VT,https://covidtracking.com/screenshots/VT/VT-20200322-010920.png,false,false,2020-03-22T05:09:20.000Z,20200322,328514
VT,https://covidtracking.com/screenshots/VT/VT-20200322-141203.png,false,false,2020-03-22T18:12:03.000Z,20200322,328514
VT,https://covidtracking.com/screenshots/VT/VT-20200322-191121.png,false,false,2020-03-22T23:11:21.000Z,20200322,344352
VT,https://covidtracking.com/screenshots/VT/VT-20200323-010954.png,false,false,2020-03-23T05:09:54.000Z,20200323,344352
VT,https://covidtracking.com/screenshots/VT/VT-20200323-141247.png,false,false,2020-03-23T18:12:47.000Z,20200323,344397
VT,https://covidtracking.com/screenshots/VT/VT-20200323-191238.png,false,false,2020-03-23T23:12:38.000Z,20200323,346626
VT,https://covidtracking.com/screenshots/VT/VT-20200324-010918.png,false,false,2020-03-24T05:09:18.000Z,20200324,346626
VT,https://covidtracking.com/screenshots/VT/VT-20200324-141019.png,false,false,2020-03-24T18:10:19.000Z,20200324,347267
VT,https://covidtracking.com/screenshots/VT/VT-20200324-191132.png,false,false,2020-03-24T23:11:32.000Z,20200324,353187
VT,https://covidtracking.com/screenshots/VT/VT-20200325-005401.png,false,false,2020-03-25T04:54:01.000Z,20200325,1402140
VT,https://covidtracking.com/screenshots/VT/VT-20200325-141126.png,false,false,2020-03-25T18:11:26.000Z,20200325,1409085
VT,https://covidtracking.com/screenshots/VT/VT-20200325-191151.png,false,false,2020-03-25T23:11:51.000Z,20200325,1439276
VT,https://covidtracking.com/screenshots/VT/VT-20200326-011413.png,false,false,2020-03-26T05:14:13.000Z,20200326,1439276
VT,https://covidtracking.com/screenshots/VT/VT-20200326-141406.png,false,false,2020-03-26T18:14:06.000Z,20200326,1410038
VT,https://covidtracking.com/screenshots/VT/VT-20200327-161516.png,false,false,2020-03-27T20:15:16.000Z,20200327,1418919
VT,https://covidtracking.com/screenshots/VT/VT-20200327-191449.png,false,false,2020-03-27T23:14:49.000Z,20200327,1414502
VT,https://covidtracking.com/screenshots/VT/VT-20200328-011536.png,false,false,2020-03-28T05:15:36.000Z,20200328,1414536
VT,https://covidtracking.com/screenshots/VT/VT-20200328-161634.png,false,false,2020-03-28T20:16:34.000Z,20200328,1414887
VT,https://covidtracking.com/screenshots/VT/VT-20200328-191659.png,false,false,2020-03-28T23:16:59.000Z,20200328,1415560
VT,https://covidtracking.com/screenshots/VT/VT-20200329-011435.png,false,false,2020-03-29T05:14:35.000Z,20200329,1422996
VT,https://covidtracking.com/screenshots/VT/VT-20200329-161526.png,false,false,2020-03-29T20:15:26.000Z,20200329,1417292
VT,https://covidtracking.com/screenshots/VT/VT-20200329-191431.png,false,false,2020-03-29T23:14:31.000Z,20200329,1417292
VT,https://covidtracking.com/screenshots/VT/VT-20200330-061526.png,false,false,2020-03-30T10:15:26.000Z,20200330,1417292
VT,https://covidtracking.com/screenshots/VT/VT-20200330-121439.png,false,false,2020-03-30T16:14:39.000Z,20200330,1438615
VT,https://covidtracking.com/screenshots/VT/VT-20200330-181520.png,false,false,2020-03-30T22:15:20.000Z,20200330,1463772
VT,https://covidtracking.com/screenshots/VT/VT-20200331-001759.png,false,false,2020-03-31T04:17:59.000Z,20200331,1097147
VT,https://covidtracking.com/screenshots/VT/VT-20200331-061430.png,false,false,2020-03-31T10:14:30.000Z,20200331,1097147
VT,https://covidtracking.com/screenshots/VT/VT-20200331-121605.png,false,false,2020-03-31T16:16:05.000Z,20200331,1096972
VT,https://covidtracking.com/screenshots/VT/VT-20200331-181519.png,false,false,2020-03-31T22:15:19.000Z,20200331,1101104
VT,https://covidtracking.com/screenshots/VT/VT-20200401-001924.png,false,false,2020-04-01T04:19:24.000Z,20200401,1100884
VT,https://covidtracking.com/screenshots/VT/VT-20200401-061411.png,false,false,2020-04-01T10:14:11.000Z,20200401,1100884
VT,https://covidtracking.com/screenshots/VT/VT-20200401-121558.png,false,false,2020-04-01T16:15:58.000Z,20200401,1117032
VT,https://covidtracking.com/screenshots/VT/VT-20200401-181430.png,false,false,2020-04-01T22:14:30.000Z,20200401,1124235
VT,https://covidtracking.com/screenshots/VT/VT-20200402-001618.png,false,false,2020-04-02T04:16:18.000Z,20200402,971341
VT,https://covidtracking.com/screenshots/VT/VT-20200402-061505.png,false,false,2020-04-02T10:15:05.000Z,20200402,971341
VT,https://covidtracking.com/screenshots/VT/VT-20200402-121626.png,false,false,2020-04-02T16:16:26.000Z,20200402,971290
VT,https://covidtracking.com/screenshots/VT/VT-20200402-181719.png,false,false,2020-04-02T22:17:19.000Z,20200402,963066
VT,https://covidtracking.com/screenshots/VT/VT-20200403-001444.png,false,false,2020-04-03T04:14:44.000Z,20200403,962252
VT,https://covidtracking.com/screenshots/VT/VT-20200403-061353.png,false,false,2020-04-03T10:13:53.000Z,20200403,962252
VT,https://covidtracking.com/screenshots/VT/VT-20200403-121528.png,false,false,2020-04-03T16:15:28.000Z,20200403,936906
VT,https://covidtracking.com/screenshots/VT/VT-20200403-181435.png,false,false,2020-04-03T22:14:35.000Z,20200403,940730
VT,https://covidtracking.com/screenshots/VT/VT-20200404-001510.png,false,false,2020-04-04T04:15:10.000Z,20200404,951088
VT,https://covidtracking.com/screenshots/VT/VT-20200404-061633.png,false,false,2020-04-04T10:16:33.000Z,20200404,951088
VT,https://covidtracking.com/screenshots/VT/VT-20200404-121542.png,false,false,2020-04-04T16:15:42.000Z,20200404,943510
VT,https://covidtracking.com/screenshots/VT/VT-20200404-181505.png,false,false,2020-04-04T22:15:05.000Z,20200404,943356
VT,https://covidtracking.com/screenshots/VT/VT-20200405-001435.png,false,false,2020-04-05T04:14:35.000Z,20200405,941686
VT,https://covidtracking.com/screenshots/VT/VT-20200405-061346.png,false,false,2020-04-05T10:13:46.000Z,20200405,941686
VT,https://covidtracking.com/screenshots/VT/VT-20200405-121551.png,false,false,2020-04-05T16:15:51.000Z,20200405,941714
VT,https://covidtracking.com/screenshots/VT/VT-20200405-181535.png,false,false,2020-04-05T22:15:35.000Z,20200405,941738
VT,https://covidtracking.com/screenshots/VT/VT-20200406-001515.png,false,false,2020-04-06T04:15:15.000Z,20200406,941738
VT,https://covidtracking.com/screenshots/VT/VT-20200406-061622.png,false,false,2020-04-06T10:16:22.000Z,20200406,941738
VT,https://covidtracking.com/screenshots/VT/VT-20200406-121556.png,false,false,2020-04-06T16:15:56.000Z,20200406,940478
VT,https://covidtracking.com/screenshots/VT/VT-20200406-181733.png,false,false,2020-04-06T22:17:33.000Z,20200406,938399
VT,https://covidtracking.com/screenshots/VT/VT-20200407-001523.png,false,false,2020-04-07T04:15:23.000Z,20200407,912934
VT,https://covidtracking.com/screenshots/VT/VT-20200407-061605.png,false,false,2020-04-07T10:16:05.000Z,20200407,432069
VT,https://covidtracking.com/screenshots/VT/VT-20200407-121634.png,false,false,2020-04-07T16:16:34.000Z,20200407,451958
VT,https://covidtracking.com/screenshots/VT/VT-20200407-181646.png,false,false,2020-04-07T22:16:46.000Z,20200407,273504
VT,https://covidtracking.com/screenshots/VT/VT-20200409-095031.png,false,false,2020-04-09T13:50:31.000Z,20200409,271677
VT,https://covidtracking.com/screenshots/VT/VT-20200409-121607.png,false,false,2020-04-09T16:16:07.000Z,20200409,271124
VT,https://covidtracking.com/screenshots/VT/VT-20200409-185224.png,false,false,2020-04-09T22:52:24.000Z,20200409,271124
VT,https://covidtracking.com/screenshots/VT/VT-20200410-001535.png,false,false,2020-04-10T04:15:35.000Z,20200410,271126
VT,https://covidtracking.com/screenshots/VT/VT-20200410-104633.png,false,false,2020-04-10T14:46:33.000Z,20200410,271126
VT,https://covidtracking.com/screenshots/VT/VT-20200410-181851.png,false,false,2020-04-10T22:18:51.000Z,20200410,279478
VT,https://covidtracking.com/screenshots/VT/VT-20200411-001718.png,false,false,2020-04-11T04:17:18.000Z,20200411,279478
VT,https://covidtracking.com/screenshots/VT/VT-20200411-061547.png,false,false,2020-04-11T10:15:47.000Z,20200411,279478
VT,https://covidtracking.com/screenshots/VT/VT-20200411-121646.png,false,false,2020-04-11T16:16:46.000Z,20200411,277581
VT,https://covidtracking.com/screenshots/VT/VT-20200411-181610.png,false,false,2020-04-11T22:16:10.000Z,20200411,277581
VT,https://covidtracking.com/screenshots/VT/VT-20200412-001620.png,false,false,2020-04-12T04:16:20.000Z,20200412,277581
VT,https://covidtracking.com/screenshots/VT/VT-20200412-061721.png,false,false,2020-04-12T10:17:21.000Z,20200412,277581
VT,https://covidtracking.com/screenshots/VT/VT-20200412-121811.png,false,false,2020-04-12T16:18:11.000Z,20200412,277851
VT,https://covidtracking.com/screenshots/VT/VT-20200412-181742.png,false,false,2020-04-12T22:17:42.000Z,20200412,277851
VT,https://covidtracking.com/screenshots/VT/VT-20200413-001735.png,false,false,2020-04-13T04:17:35.000Z,20200413,277851
VT,https://covidtracking.com/screenshots/VT/VT-20200413-122234.png,false,false,2020-04-13T16:22:34.000Z,20200413,284006
VT,https://covidtracking.com/screenshots/VT/VT-20200413-181746.png,false,false,2020-04-13T22:17:46.000Z,20200413,284286
VT,https://covidtracking.com/screenshots/VT/VT-20200414-061719.png,false,false,2020-04-14T10:17:19.000Z,20200414,284286
VT,https://covidtracking.com/screenshots/VT/VT-20200414-121624.png,false,false,2020-04-14T16:16:24.000Z,20200414,281977
VT,https://covidtracking.com/screenshots/VT/VT-20200414-181812.png,false,false,2020-04-14T22:18:12.000Z,20200414,281977
VT,https://covidtracking.com/screenshots/VT/VT-20200415-001949.png,false,false,2020-04-15T04:19:49.000Z,20200415,281977
VT,https://covidtracking.com/screenshots/VT/VT-20200415-061658.png,false,false,2020-04-15T10:16:58.000Z,20200415,281977
VT,https://covidtracking.com/screenshots/VT/VT-20200415-121832.png,false,false,2020-04-15T16:18:32.000Z,20200415,284445
VT,https://covidtracking.com/screenshots/VT/VT-20200415-181842.png,false,false,2020-04-15T22:18:42.000Z,20200415,284445
VT,https://covidtracking.com/screenshots/VT/VT-20200416-001738.png,false,false,2020-04-16T04:17:38.000Z,20200416,284445
VT,https://covidtracking.com/screenshots/VT/VT-20200416-121900.png,false,false,2020-04-16T16:19:00.000Z,20200416,284338
VT,https://covidtracking.com/screenshots/VT/VT-20200416-181736.png,false,false,2020-04-16T22:17:36.000Z,20200416,284338
VT,https://covidtracking.com/screenshots/VT/VT-20200417-001821.png,false,false,2020-04-17T04:18:21.000Z,20200417,284338
VT,https://covidtracking.com/screenshots/VT/VT-20200417-061819.png,false,false,2020-04-17T10:18:19.000Z,20200417,284338
VT,https://covidtracking.com/screenshots/VT/VT-20200417-121910.png,false,false,2020-04-17T16:19:10.000Z,20200417,273421
VT,https://covidtracking.com/screenshots/VT/VT-20200417-181834.png,false,false,2020-04-17T22:18:34.000Z,20200417,273421
VT,https://covidtracking.com/screenshots/VT/VT-20200418-001834.png,false,false,2020-04-18T04:18:34.000Z,20200418,273421
VT,https://covidtracking.com/screenshots/VT/VT-20200418-181755.png,false,false,2020-04-18T22:17:55.000Z,20200418,279533
VT,https://covidtracking.com/screenshots/VT/VT-20200419-062030.png,false,false,2020-04-19T10:20:30.000Z,20200419,279533
VT,https://covidtracking.com/screenshots/VT/VT-20200419-121845.png,false,false,2020-04-19T16:18:45.000Z,20200419,276546
VT,https://covidtracking.com/screenshots/VT/VT-20200419-181801.png,false,false,2020-04-19T22:18:01.000Z,20200419,20966
VT,https://covidtracking.com/screenshots/VT/VT-20200420-061921.png,false,false,2020-04-20T10:19:21.000Z,20200420,275981
VT,https://covidtracking.com/screenshots/VT/VT-20200420-121926.png,false,false,2020-04-20T16:19:26.000Z,20200420,279175
VT,https://covidtracking.com/screenshots/VT/VT-20200420-181825.png,false,false,2020-04-20T22:18:25.000Z,20200420,279175
VT,https://covidtracking.com/screenshots/VT/VT-20200421-061846.png,false,false,2020-04-21T10:18:46.000Z,20200421,279175
VT,https://covidtracking.com/screenshots/VT/VT-20200421-122019.png,false,false,2020-04-21T16:20:19.000Z,20200421,270093
VT,https://covidtracking.com/screenshots/VT/VT-20200421-181851.png,false,false,2020-04-21T22:18:51.000Z,20200421,270093
VT,https://covidtracking.com/screenshots/VT/VT-20200422-002033.png,false,false,2020-04-22T04:20:33.000Z,20200422,270093
VT,https://covidtracking.com/screenshots/VT/VT-20200422-062001.png,false,false,2020-04-22T10:20:01.000Z,20200422,270093
VT,https://covidtracking.com/screenshots/VT/VT-20200422-122144.png,false,false,2020-04-22T16:21:44.000Z,20200422,276895
VT,https://covidtracking.com/screenshots/VT/VT-20200422-181948.png,false,false,2020-04-22T22:19:48.000Z,20200422,276895
VT,https://covidtracking.com/screenshots/VT/VT-20200423-002057.png,false,false,2020-04-23T04:20:57.000Z,20200423,276895
VT,https://covidtracking.com/screenshots/VT/VT-20200423-062045.png,false,false,2020-04-23T10:20:45.000Z,20200423,276895
VT,https://covidtracking.com/screenshots/VT/VT-20200423-122524.png,false,false,2020-04-23T16:25:24.000Z,20200423,275979
VT,https://covidtracking.com/screenshots/VT/VT-20200423-182153.png,false,false,2020-04-23T22:21:53.000Z,20200423,275979
VT,https://covidtracking.com/screenshots/VT/VT-20200424-002022.png,false,false,2020-04-24T04:20:22.000Z,20200424,275979
VT,https://covidtracking.com/screenshots/VT/VT-20200424-062040.png,false,false,2020-04-24T10:20:40.000Z,20200424,275979
VT,https://covidtracking.com/screenshots/VT/VT-20200424-122107.png,false,false,2020-04-24T16:21:07.000Z,20200424,273803
VT,https://covidtracking.com/screenshots/VT/VT-20200424-182026.png,false,false,2020-04-24T22:20:26.000Z,20200424,274091
VT,https://covidtracking.com/screenshots/VT/VT-20200425-002244.png,false,false,2020-04-25T04:22:44.000Z,20200425,273803
VT,https://covidtracking.com/screenshots/VT/VT-20200425-062044.png,false,false,2020-04-25T10:20:44.000Z,20200425,273803
VT,https://covidtracking.com/screenshots/VT/VT-20200425-122244.png,false,false,2020-04-25T16:22:44.000Z,20200425,275074
VT,https://covidtracking.com/screenshots/VT/VT-20200425-182154.png,false,false,2020-04-25T22:21:54.000Z,20200425,275074
VT,https://covidtracking.com/screenshots/VT/VT-20200426-002159.png,false,false,2020-04-26T04:21:59.000Z,20200426,275074
VT,https://covidtracking.com/screenshots/VT/VT-20200426-062208.png,false,false,2020-04-26T10:22:08.000Z,20200426,275074
VT,https://covidtracking.com/screenshots/VT/VT-20200426-122209.png,false,false,2020-04-26T16:22:09.000Z,20200426,269617
VT,https://covidtracking.com/screenshots/VT/VT-20200426-182242.png,false,false,2020-04-26T22:22:42.000Z,20200426,269617
VT,https://covidtracking.com/screenshots/VT/VT-20200427-002348.png,false,false,2020-04-27T04:23:48.000Z,20200427,269617
VT,https://covidtracking.com/screenshots/VT/VT-20200427-062232.png,false,false,2020-04-27T10:22:32.000Z,20200427,269617
VT,https://covidtracking.com/screenshots/VT/VT-20200427-122310.png,false,false,2020-04-27T16:23:10.000Z,20200427,269066
VT,https://covidtracking.com/screenshots/VT/VT-20200427-182135.png,false,false,2020-04-27T22:21:35.000Z,20200427,269066
VT,https://covidtracking.com/screenshots/VT/VT-20200428-002112.png,false,false,2020-04-28T04:21:12.000Z,20200428,269066
VT,https://covidtracking.com/screenshots/VT/VT-20200428-062132.png,false,false,2020-04-28T10:21:32.000Z,20200428,269066
VT,https://covidtracking.com/screenshots/VT/VT-20200428-122311.png,false,false,2020-04-28T16:23:11.000Z,20200428,267579
VT,https://covidtracking.com/screenshots/VT/VT-20200429-002224.png,false,false,2020-04-29T04:22:24.000Z,20200429,267579
VT,https://covidtracking.com/screenshots/VT/VT-20200429-062241.png,false,false,2020-04-29T10:22:41.000Z,20200429,267579
VT,https://covidtracking.com/screenshots/VT/VT-20200429-184050.png,false,false,2020-04-29T22:40:50.000Z,20200429,270004
VT,https://covidtracking.com/screenshots/VT/VT-20200430-122235.png,false,false,2020-04-30T16:22:35.000Z,20200430,272407
VT,https://covidtracking.com/screenshots/VT/VT-20200430-182230.png,false,false,2020-04-30T22:22:30.000Z,20200430,272407
VT,https://covidtracking.com/screenshots/VT/VT-20200501-002248.png,false,false,2020-05-01T04:22:48.000Z,20200501,272407
VT,https://covidtracking.com/screenshots/VT/VT-20200501-062435.png,false,false,2020-05-01T10:24:35.000Z,20200501,272407
VT,https://covidtracking.com/screenshots/VT/VT-20200501-122405.png,false,false,2020-05-01T16:24:05.000Z,20200501,271696
VT,https://covidtracking.com/screenshots/VT/VT-20200501-183033.png,false,false,2020-05-01T22:30:33.000Z,20200501,271696
VT,https://covidtracking.com/screenshots/VT/VT-20200502-002433.png,false,false,2020-05-02T04:24:33.000Z,20200502,271696
VT,https://covidtracking.com/screenshots/VT/VT-20200502-062347.png,false,false,2020-05-02T10:23:47.000Z,20200502,271696
VT,https://covidtracking.com/screenshots/VT/VT-20200502-122401.png,false,false,2020-05-02T16:24:01.000Z,20200502,268187
VT,https://covidtracking.com/screenshots/VT/VT-20200502-182419.png,false,false,2020-05-02T22:24:19.000Z,20200502,268187
VT,https://covidtracking.com/screenshots/VT/VT-20200503-002436.png,false,false,2020-05-03T04:24:36.000Z,20200503,268187
VT,https://covidtracking.com/screenshots/VT/VT-20200503-062307.png,false,false,2020-05-03T10:23:07.000Z,20200503,268187
VT,https://covidtracking.com/screenshots/VT/VT-20200503-122326.png,false,false,2020-05-03T16:23:26.000Z,20200503,272591
VT,https://covidtracking.com/screenshots/VT/VT-20200503-182126.png,false,false,2020-05-03T22:21:26.000Z,20200503,272591
VT,https://covidtracking.com/screenshots/VT/VT-20200504-002415.png,false,false,2020-05-04T04:24:15.000Z,20200504,272591
VT,https://covidtracking.com/screenshots/VT/VT-20200504-062436.png,false,false,2020-05-04T10:24:36.000Z,20200504,272591
VT,https://covidtracking.com/screenshots/VT/VT-20200504-122255.png,false,false,2020-05-04T16:22:55.000Z,20200504,270755
VT,https://covidtracking.com/screenshots/VT/VT-20200504-182317.png,false,false,2020-05-04T22:23:17.000Z,20200504,270755
VT,https://covidtracking.com/screenshots/VT/VT-20200505-002355.png,false,false,2020-05-05T04:23:55.000Z,20200505,270755
VT,https://covidtracking.com/screenshots/VT/VT-20200505-062306.png,false,false,2020-05-05T10:23:06.000Z,20200505,270755
VT,https://covidtracking.com/screenshots/VT/VT-20200505-122341.png,false,false,2020-05-05T16:23:41.000Z,20200505,276173
VT,https://covidtracking.com/screenshots/VT/VT-20200505-182428.png,false,false,2020-05-05T22:24:28.000Z,20200505,276173
VT,https://covidtracking.com/screenshots/VT/VT-20200506-002426.png,false,false,2020-05-06T04:24:26.000Z,20200506,276173
VT,https://covidtracking.com/screenshots/VT/VT-20200506-062235.png,false,false,2020-05-06T10:22:35.000Z,20200506,276173
VT,https://covidtracking.com/screenshots/VT/VT-20200506-122447.png,false,false,2020-05-06T16:24:47.000Z,20200506,241728
VT,https://covidtracking.com/screenshots/VT/VT-20200506-182253.png,false,false,2020-05-06T22:22:53.000Z,20200506,279281
VT,https://covidtracking.com/screenshots/VT/VT-20200507-002437.png,false,false,2020-05-07T04:24:37.000Z,20200507,243237
VT,https://covidtracking.com/screenshots/VT/VT-20200507-062328.png,false,false,2020-05-07T10:23:28.000Z,20200507,279281
VT,https://covidtracking.com/screenshots/VT/VT-20200507-122451.png,false,false,2020-05-07T16:24:51.000Z,20200507,275207
VT,https://covidtracking.com/screenshots/VT/VT-20200507-182226.png,false,false,2020-05-07T22:22:26.000Z,20200507,275207
VT,https://covidtracking.com/screenshots/VT/VT-20200508-002525.png,false,false,2020-05-08T04:25:25.000Z,20200508,275207
VT,https://covidtracking.com/screenshots/VT/VT-20200508-062240.png,false,false,2020-05-08T10:22:40.000Z,20200508,275207
VT,https://covidtracking.com/screenshots/VT/VT-20200508-122451.png,false,false,2020-05-08T16:24:51.000Z,20200508,274558
VT,https://covidtracking.com/screenshots/VT/VT-20200508-182134.png,false,false,2020-05-08T22:21:34.000Z,20200508,274558
VT,https://covidtracking.com/screenshots/VT/VT-20200509-002513.png,false,false,2020-05-09T04:25:13.000Z,20200509,274558
VT,https://covidtracking.com/screenshots/VT/VT-20200509-062304.png,false,false,2020-05-09T10:23:04.000Z,20200509,274558
VT,https://covidtracking.com/screenshots/VT/VT-20200509-122422.png,false,false,2020-05-09T16:24:22.000Z,20200509,274176
VT,https://covidtracking.com/screenshots/VT/VT-20200509-182322.png,false,false,2020-05-09T22:23:22.000Z,20200509,274176
VT,https://covidtracking.com/screenshots/VT/VT-20200510-002451.png,false,false,2020-05-10T04:24:51.000Z,20200510,274176
VT,https://covidtracking.com/screenshots/VT/VT-20200510-062240.png,false,false,2020-05-10T10:22:40.000Z,20200510,274176
VT,https://covidtracking.com/screenshots/VT/VT-20200510-122257.png,false,false,2020-05-10T16:22:57.000Z,20200510,274362
VT,https://covidtracking.com/screenshots/VT/VT-20200510-182320.png,false,false,2020-05-10T22:23:20.000Z,20200510,274362
VT,https://covidtracking.com/screenshots/VT/VT-20200511-002504.png,false,false,2020-05-11T04:25:04.000Z,20200511,274362
VT,https://covidtracking.com/screenshots/VT/VT-20200511-062321.png,false,false,2020-05-11T10:23:21.000Z,20200511,274362
VT,https://covidtracking.com/screenshots/VT/VT-20200511-122337.png,false,false,2020-05-11T16:23:37.000Z,20200511,281291
VT,https://covidtracking.com/screenshots/VT/VT-20200511-185244.png,false,false,2020-05-11T22:52:44.000Z,20200511,281291
VT,https://covidtracking.com/screenshots/VT/VT-20200512-004555.png,false,false,2020-05-12T04:45:55.000Z,20200512,281291
VT,https://covidtracking.com/screenshots/VT/VT-20200512-064558.png,false,false,2020-05-12T10:45:58.000Z,20200512,281291
VT,https://covidtracking.com/screenshots/VT/VT-20200512-124628.png,false,false,2020-05-12T16:46:28.000Z,20200512,277140
VT,https://covidtracking.com/screenshots/VT/VT-20200512-184543.png,false,false,2020-05-12T22:45:43.000Z,20200512,277140
VT,https://covidtracking.com/screenshots/VT/VT-20200513-004710.png,false,false,2020-05-13T04:47:10.000Z,20200513,277140
VT,https://covidtracking.com/screenshots/VT/VT-20200513-064557.png,false,false,2020-05-13T10:45:57.000Z,20200513,277140
VT,https://covidtracking.com/screenshots/VT/VT-20200513-124910.png,false,false,2020-05-13T16:49:10.000Z,20200513,277275
VT,https://covidtracking.com/screenshots/VT/VT-20200513-184640.png,false,false,2020-05-13T22:46:40.000Z,20200513,277275
VT,https://covidtracking.com/screenshots/VT/VT-20200514-004540.png,false,false,2020-05-14T04:45:40.000Z,20200514,277275
VT,https://covidtracking.com/screenshots/VT/VT-20200514-064634.png,false,false,2020-05-14T10:46:34.000Z,20200514,277275
VT,https://covidtracking.com/screenshots/VT/VT-20200514-125033.png,false,false,2020-05-14T16:50:33.000Z,20200514,276900
VT,https://covidtracking.com/screenshots/VT/VT-20200514-184934.png,false,false,2020-05-14T22:49:34.000Z,20200514,276900
VT,https://covidtracking.com/screenshots/VT/VT-20200515-004749.png,false,false,2020-05-15T04:47:49.000Z,20200515,276900
VT,https://covidtracking.com/screenshots/VT/VT-20200515-064635.png,false,false,2020-05-15T10:46:35.000Z,20200515,276900
VT,https://covidtracking.com/screenshots/VT/VT-20200515-124919.png,false,false,2020-05-15T16:49:19.000Z,20200515,276860
VT,https://covidtracking.com/screenshots/VT/VT-20200515-184922.png,false,false,2020-05-15T22:49:22.000Z,20200515,276860
VT,https://covidtracking.com/screenshots/VT/VT-20200516-004759.png,false,false,2020-05-16T04:47:59.000Z,20200516,276860
VT,https://covidtracking.com/screenshots/VT/VT-20200516-064744.png,false,false,2020-05-16T10:47:44.000Z,20200516,276860
VT,https://covidtracking.com/screenshots/VT/VT-20200516-124707.png,false,false,2020-05-16T16:47:07.000Z,20200516,278552
VT,https://covidtracking.com/screenshots/VT/VT-20200516-184743.png,false,false,2020-05-16T22:47:43.000Z,20200516,278552
VT,https://covidtracking.com/screenshots/VT/VT-20200517-004754.png,false,false,2020-05-17T04:47:54.000Z,20200517,278552
VT,https://covidtracking.com/screenshots/VT/VT-20200517-064745.png,false,false,2020-05-17T10:47:45.000Z,20200517,278552
VT,https://covidtracking.com/screenshots/VT/VT-20200517-124832.png,false,false,2020-05-17T16:48:32.000Z,20200517,278071
VT,https://covidtracking.com/screenshots/VT/VT-20200517-184921.png,false,false,2020-05-17T22:49:21.000Z,20200517,278071
VT,https://covidtracking.com/screenshots/VT/VT-20200518-004935.png,false,false,2020-05-18T04:49:35.000Z,20200518,278071
VT,https://covidtracking.com/screenshots/VT/VT-20200518-064653.png,false,false,2020-05-18T10:46:53.000Z,20200518,278071
VT,https://covidtracking.com/screenshots/VT/VT-20200518-124751.png,false,false,2020-05-18T16:47:51.000Z,20200518,278071
VT,https://covidtracking.com/screenshots/VT/VT-20200519-004630.png,false,false,2020-05-19T04:46:30.000Z,20200519,281314
VT,https://covidtracking.com/screenshots/VT/VT-20200519-064636.png,false,false,2020-05-19T10:46:36.000Z,20200519,281314
VT,https://covidtracking.com/screenshots/VT/VT-20200519-124849.png,false,false,2020-05-19T16:48:49.000Z,20200519,277695
VT,https://covidtracking.com/screenshots/VT/VT-20200519-184827.png,false,false,2020-05-19T22:48:27.000Z,20200519,277695
VT,https://covidtracking.com/screenshots/VT/VT-20200520-005158.png,false,false,2020-05-20T04:51:58.000Z,20200520,277695
VT,https://covidtracking.com/screenshots/VT/VT-20200520-064704.png,false,false,2020-05-20T10:47:04.000Z,20200520,277695
VT,https://covidtracking.com/screenshots/VT/VT-20200520-124753.png,false,false,2020-05-20T16:47:53.000Z,20200520,242337
VT,https://covidtracking.com/screenshots/VT/VT-20200520-184718.png,false,false,2020-05-20T22:47:18.000Z,20200520,279341
VT,https://covidtracking.com/screenshots/VT/VT-20200521-004738.png,false,false,2020-05-21T04:47:38.000Z,20200521,279341
VT,https://covidtracking.com/screenshots/VT/VT-20200521-064547.png,false,false,2020-05-21T10:45:47.000Z,20200521,279341
VT,https://covidtracking.com/screenshots/VT/VT-20200521-124618.png,false,false,2020-05-21T16:46:18.000Z,20200521,279756
VT,https://covidtracking.com/screenshots/VT/VT-20200521-184806.png,false,false,2020-05-21T22:48:06.000Z,20200521,279756
VT,https://covidtracking.com/screenshots/VT/VT-20200522-005037.png,false,false,2020-05-22T04:50:37.000Z,20200522,279756
VT,https://covidtracking.com/screenshots/VT/VT-20200522-065043.png,false,false,2020-05-22T10:50:43.000Z,20200522,279756
VT,https://covidtracking.com/screenshots/VT/VT-20200522-125258.png,false,false,2020-05-22T16:52:58.000Z,20200522,280088
VT,https://covidtracking.com/screenshots/VT/VT-20200522-185446.png,false,false,2020-05-22T22:54:46.000Z,20200522,280464
VT,https://covidtracking.com/screenshots/VT/VT-20200523-005002.png,false,false,2020-05-23T04:50:02.000Z,20200523,280464
VT,https://covidtracking.com/screenshots/VT/VT-20200523-064738.png,false,false,2020-05-23T10:47:38.000Z,20200523,280464
VT,https://covidtracking.com/screenshots/VT/VT-20200523-124503.png,false,false,2020-05-23T16:45:03.000Z,20200523,278659
VT,https://covidtracking.com/screenshots/VT/VT-20200523-184642.png,false,false,2020-05-23T22:46:42.000Z,20200523,278659
VT,https://covidtracking.com/screenshots/VT/VT-20200524-004644.png,false,false,2020-05-24T04:46:44.000Z,20200524,278659
VT,https://covidtracking.com/screenshots/VT/VT-20200524-064413.png,false,false,2020-05-24T10:44:13.000Z,20200524,278659
VT,https://covidtracking.com/screenshots/VT/VT-20200524-125010.png,false,false,2020-05-24T16:50:10.000Z,20200524,282504
VT,https://covidtracking.com/screenshots/VT/VT-20200524-184824.png,false,false,2020-05-24T22:48:24.000Z,20200524,282504
VT,https://covidtracking.com/screenshots/VT/VT-20200525-004546.png,false,false,2020-05-25T04:45:46.000Z,20200525,282504
VT,https://covidtracking.com/screenshots/VT/VT-20200525-064459.png,false,false,2020-05-25T10:44:59.000Z,20200525,282504
VT,https://covidtracking.com/screenshots/VT/VT-20200525-124643.png,false,false,2020-05-25T16:46:43.000Z,20200525,277229
VT,https://covidtracking.com/screenshots/VT/VT-20200525-184539.png,false,false,2020-05-25T22:45:39.000Z,20200525,277229
VT,https://covidtracking.com/screenshots/VT/VT-20200526-005108.png,false,false,2020-05-26T04:51:08.000Z,20200526,277229
VT,https://covidtracking.com/screenshots/VT/VT-20200526-064739.png,false,false,2020-05-26T10:47:39.000Z,20200526,277229
VT,https://covidtracking.com/screenshots/VT/VT-20200526-124555.png,false,false,2020-05-26T16:45:55.000Z,20200526,276813
VT,https://covidtracking.com/screenshots/VT/VT-20200526-184641.png,false,false,2020-05-26T22:46:41.000Z,20200526,276813
VT,https://covidtracking.com/screenshots/VT/VT-20200527-005420.png,false,false,2020-05-27T04:54:20.000Z,20200527,276813
VT,https://covidtracking.com/screenshots/VT/VT-20200527-064614.png,false,false,2020-05-27T10:46:14.000Z,20200527,276813
VT,https://covidtracking.com/screenshots/VT/VT-20200527-125549.png,false,false,2020-05-27T16:55:49.000Z,20200527,275559
VT,https://covidtracking.com/screenshots/VT/VT-20200527-184840.png,false,false,2020-05-27T22:48:40.000Z,20200527,275559
VT,https://covidtracking.com/screenshots/VT/VT-20200528-004706.png,false,false,2020-05-28T04:47:06.000Z,20200528,275559
VT,https://covidtracking.com/screenshots/VT/VT-20200528-064854.png,false,false,2020-05-28T10:48:54.000Z,20200528,275559
VT,https://covidtracking.com/screenshots/VT/VT-20200528-124605.png,false,false,2020-05-28T16:46:05.000Z,20200528,274644
VT,https://covidtracking.com/screenshots/VT/VT-20200528-184558.png,false,false,2020-05-28T22:45:58.000Z,20200528,274644
VT,https://covidtracking.com/screenshots/VT/VT-20200529-004715.png,false,false,2020-05-29T04:47:15.000Z,20200529,274644
VT,https://covidtracking.com/screenshots/VT/VT-20200529-192301.png,false,false,2020-05-29T23:23:01.000Z,20200529,276638
VT,https://covidtracking.com/screenshots/VT/VT-20200530-004725.png,false,false,2020-05-30T04:47:25.000Z,20200530,276638
VT,https://covidtracking.com/screenshots/VT/VT-20200530-064602.png,false,false,2020-05-30T10:46:02.000Z,20200530,276638
VT,https://covidtracking.com/screenshots/VT/VT-20200530-124620.png,false,false,2020-05-30T16:46:20.000Z,20200530,276838
VT,https://covidtracking.com/screenshots/VT/VT-20200530-184618.png,false,false,2020-05-30T22:46:18.000Z,20200530,276838
VT,https://covidtracking.com/screenshots/VT/VT-20200531-004700.png,false,false,2020-05-31T04:47:00.000Z,20200531,276838
VT,https://covidtracking.com/screenshots/VT/VT-20200531-064630.png,false,false,2020-05-31T10:46:30.000Z,20200531,276838
VT,https://covidtracking.com/screenshots/VT/VT-20200531-124920.png,false,false,2020-05-31T16:49:20.000Z,20200531,277004
VT,https://covidtracking.com/screenshots/VT/VT-20200601-004812.png,false,false,2020-06-01T04:48:12.000Z,20200601,277004
VT,https://covidtracking.com/screenshots/VT/VT-20200601-064930.png,false,false,2020-06-01T10:49:30.000Z,20200601,277004
VT,https://covidtracking.com/screenshots/VT/VT-20200601-124541.png,false,false,2020-06-01T16:45:41.000Z,20200601,282040
VT,https://covidtracking.com/screenshots/VT/VT-20200601-184627.png,false,false,2020-06-01T22:46:27.000Z,20200601,282040
VT,https://covidtracking.com/screenshots/VT/VT-20200602-004957.png,false,false,2020-06-02T04:49:57.000Z,20200602,282040
VT,https://covidtracking.com/screenshots/VT/VT-20200602-064858.png,false,false,2020-06-02T10:48:58.000Z,20200602,282040
VT,https://covidtracking.com/screenshots/VT/VT-20200602-124619.png,false,false,2020-06-02T16:46:19.000Z,20200602,278901
VT,https://covidtracking.com/screenshots/VT/VT-20200602-184716.png,false,false,2020-06-02T22:47:16.000Z,20200602,278901
VT,https://covidtracking.com/screenshots/VT/VT-20200603-004650.png,false,false,2020-06-03T04:46:50.000Z,20200603,278901
VT,https://covidtracking.com/screenshots/VT/VT-20200603-064709.png,false,false,2020-06-03T10:47:09.000Z,20200603,278901
VT,https://covidtracking.com/screenshots/VT/VT-20200603-125040.png,false,false,2020-06-03T16:50:40.000Z,20200603,277736
VT,https://covidtracking.com/screenshots/VT/VT-20200603-184748.png,false,false,2020-06-03T22:47:48.000Z,20200603,277736
VT,https://covidtracking.com/screenshots/VT/VT-20200604-004812.png,false,false,2020-06-04T04:48:12.000Z,20200604,277736
VT,https://covidtracking.com/screenshots/VT/VT-20200604-064641.png,false,false,2020-06-04T10:46:41.000Z,20200604,277736
VT,https://covidtracking.com/screenshots/VT/VT-20200604-124552.png,false,false,2020-06-04T16:45:52.000Z,20200604,279096
VT,https://covidtracking.com/screenshots/VT/VT-20200604-184648.png,false,false,2020-06-04T22:46:48.000Z,20200604,279114
VT,https://covidtracking.com/screenshots/VT/VT-20200605-004731.png,false,false,2020-06-05T04:47:31.000Z,20200605,279114
VT,https://covidtracking.com/screenshots/VT/VT-20200605-064758.png,false,false,2020-06-05T10:47:58.000Z,20200605,279114
VT,https://covidtracking.com/screenshots/VT/VT-20200605-124728.png,false,false,2020-06-05T16:47:28.000Z,20200605,276470
VT,https://covidtracking.com/screenshots/VT/VT-20200605-185422.png,false,false,2020-06-05T22:54:22.000Z,20200605,276470
VT,https://covidtracking.com/screenshots/VT/VT-20200606-005303.png,false,false,2020-06-06T04:53:03.000Z,20200606,276470
VT,https://covidtracking.com/screenshots/VT/VT-20200606-064712.png,false,false,2020-06-06T10:47:12.000Z,20200606,276470
VT,https://covidtracking.com/screenshots/VT/VT-20200606-125027.png,false,false,2020-06-06T16:50:27.000Z,20200606,277832
VT,https://covidtracking.com/screenshots/VT/VT-20200606-185445.png,false,false,2020-06-06T22:54:45.000Z,20200606,277832
VT,https://covidtracking.com/screenshots/VT/VT-20200607-004629.png,false,false,2020-06-07T04:46:29.000Z,20200607,277832
VT,https://covidtracking.com/screenshots/VT/VT-20200607-065136.png,false,false,2020-06-07T10:51:36.000Z,20200607,277832
VT,https://covidtracking.com/screenshots/VT/VT-20200607-124818.png,false,false,2020-06-07T16:48:18.000Z,20200607,281947
VT,https://covidtracking.com/screenshots/VT/VT-20200607-184805.png,false,false,2020-06-07T22:48:05.000Z,20200607,281947
VT,https://covidtracking.com/screenshots/VT/VT-20200608-004754.png,false,false,2020-06-08T04:47:54.000Z,20200608,281947
VT,https://covidtracking.com/screenshots/VT/VT-20200608-064859.png,false,false,2020-06-08T10:48:59.000Z,20200608,281947
VT,https://covidtracking.com/screenshots/VT/VT-20200608-125621.png,false,false,2020-06-08T16:56:21.000Z,20200608,281227
VT,https://covidtracking.com/screenshots/VT/VT-20200608-185653.png,false,false,2020-06-08T22:56:53.000Z,20200608,281227
VT,https://covidtracking.com/screenshots/VT/VT-20200609-005144.png,false,false,2020-06-09T04:51:44.000Z,20200609,281227
VT,https://covidtracking.com/screenshots/VT/VT-20200609-065022.png,false,false,2020-06-09T10:50:22.000Z,20200609,281227
VT,https://covidtracking.com/screenshots/VT/VT-20200609-125613.png,false,false,2020-06-09T16:56:13.000Z,20200609,283756
VT,https://covidtracking.com/screenshots/VT/VT-20200609-184941.png,false,false,2020-06-09T22:49:41.000Z,20200609,283756
VT,https://covidtracking.com/screenshots/VT/VT-20200610-004938.png,false,false,2020-06-10T04:49:38.000Z,20200610,283756
VT,https://covidtracking.com/screenshots/VT/VT-20200610-065229.png,false,false,2020-06-10T10:52:29.000Z,20200610,283756
VT,https://covidtracking.com/screenshots/VT/VT-20200610-125312.png,false,false,2020-06-10T16:53:12.000Z,20200610,283021
VT,https://covidtracking.com/screenshots/VT/VT-20200610-185039.png,false,false,2020-06-10T22:50:39.000Z,20200610,283021
VT,https://covidtracking.com/screenshots/VT/VT-20200611-005206.png,false,false,2020-06-11T04:52:06.000Z,20200611,283021
VT,https://covidtracking.com/screenshots/VT/VT-20200611-065333.png,false,false,2020-06-11T10:53:33.000Z,20200611,283021
VT,https://covidtracking.com/screenshots/VT/VT-20200611-125143.png,false,false,2020-06-11T16:51:43.000Z,20200611,284525
VT,https://covidtracking.com/screenshots/VT/VT-20200611-184946.png,false,false,2020-06-11T22:49:46.000Z,20200611,284525
VT,https://covidtracking.com/screenshots/VT/VT-20200612-005145.png,false,false,2020-06-12T04:51:45.000Z,20200612,284525
VT,https://covidtracking.com/screenshots/VT/VT-20200612-065416.png,false,false,2020-06-12T10:54:16.000Z,20200612,284525
VT,https://covidtracking.com/screenshots/VT/VT-20200612-125215.png,false,false,2020-06-12T16:52:15.000Z,20200612,281779
VT,https://covidtracking.com/screenshots/VT/VT-20200612-185150.png,false,false,2020-06-12T22:51:50.000Z,20200612,281779
VT,https://covidtracking.com/screenshots/VT/VT-20200613-005405.png,false,false,2020-06-13T04:54:05.000Z,20200613,281779
VT,https://covidtracking.com/screenshots/VT/VT-20200613-065353.png,false,false,2020-06-13T10:53:53.000Z,20200613,281779
VT,https://covidtracking.com/screenshots/VT/VT-20200613-125108.png,false,false,2020-06-13T16:51:08.000Z,20200613,281902
VT,https://covidtracking.com/screenshots/VT/VT-20200613-185206.png,false,false,2020-06-13T22:52:06.000Z,20200613,281902
VT,https://covidtracking.com/screenshots/VT/VT-20200614-005020.png,false,false,2020-06-14T04:50:20.000Z,20200614,281902
VT,https://covidtracking.com/screenshots/VT/VT-20200614-065314.png,false,false,2020-06-14T10:53:14.000Z,20200614,281902
VT,https://covidtracking.com/screenshots/VT/VT-20200614-125315.png,false,false,2020-06-14T16:53:15.000Z,20200614,283836
VT,https://covidtracking.com/screenshots/VT/VT-20200614-185006.png,false,false,2020-06-14T22:50:06.000Z,20200614,283836
VT,https://covidtracking.com/screenshots/VT/VT-20200615-005322.png,false,false,2020-06-15T04:53:22.000Z,20200615,283836
VT,https://covidtracking.com/screenshots/VT/VT-20200615-065211.png,false,false,2020-06-15T10:52:11.000Z,20200615,283836
VT,https://covidtracking.com/screenshots/VT/VT-20200615-125251.png,false,false,2020-06-15T16:52:51.000Z,20200615,280677
VT,https://covidtracking.com/screenshots/VT/VT-20200615-185038.png,false,false,2020-06-15T22:50:38.000Z,20200615,270034
VT,https://covidtracking.com/screenshots/VT/VT-20200616-065127.png,false,false,2020-06-16T10:51:27.000Z,20200616,280677
VT,https://covidtracking.com/screenshots/VT/VT-20200616-125450.png,false,false,2020-06-16T16:54:50.000Z,20200616,280677
VT,https://covidtracking.com/screenshots/VT/VT-20200616-184916.png,false,false,2020-06-16T22:49:16.000Z,20200616,285570
VT,https://covidtracking.com/screenshots/VT/VT-20200617-005230.png,false,false,2020-06-17T04:52:30.000Z,20200617,285570
VT,https://covidtracking.com/screenshots/VT/VT-20200617-065312.png,false,false,2020-06-17T10:53:12.000Z,20200617,285570
VT,https://covidtracking.com/screenshots/VT/VT-20200617-125306.png,false,false,2020-06-17T16:53:06.000Z,20200617,282461
VT,https://covidtracking.com/screenshots/VT/VT-20200617-185453.png,false,false,2020-06-17T22:54:53.000Z,20200617,282461
VT,https://covidtracking.com/screenshots/VT/VT-20200618-005243.png,false,false,2020-06-18T04:52:43.000Z,20200618,282461
VT,https://covidtracking.com/screenshots/VT/VT-20200618-065120.png,false,false,2020-06-18T10:51:20.000Z,20200618,282461
VT,https://covidtracking.com/screenshots/VT/VT-20200618-125425.png,false,false,2020-06-18T16:54:25.000Z,20200618,274236
VT,https://covidtracking.com/screenshots/VT/VT-20200618-184911.png,false,false,2020-06-18T22:49:11.000Z,20200618,274236
VT,https://covidtracking.com/screenshots/VT/VT-20200619-005203.png,false,false,2020-06-19T04:52:03.000Z,20200619,274236
VT,https://covidtracking.com/screenshots/VT/VT-20200619-065414.png,false,false,2020-06-19T10:54:14.000Z,20200619,274236
VT,https://covidtracking.com/screenshots/VT/VT-20200619-125227.png,false,false,2020-06-19T16:52:27.000Z,20200619,272739
VT,https://covidtracking.com/screenshots/VT/VT-20200619-185232.png,false,false,2020-06-19T22:52:32.000Z,20200619,272739
VT,https://covidtracking.com/screenshots/VT/VT-20200620-005330.png,false,false,2020-06-20T04:53:30.000Z,20200620,272739
VT,https://covidtracking.com/screenshots/VT/VT-20200620-065145.png,false,false,2020-06-20T10:51:45.000Z,20200620,272739
VT,https://covidtracking.com/screenshots/VT/VT-20200620-124942.png,false,false,2020-06-20T16:49:42.000Z,20200620,274774
VT,https://covidtracking.com/screenshots/VT/VT-20200620-185142.png,false,false,2020-06-20T22:51:42.000Z,20200620,274774
VT,https://covidtracking.com/screenshots/VT/VT-20200621-005206.png,false,false,2020-06-21T04:52:06.000Z,20200621,274774
VT,https://covidtracking.com/screenshots/VT/VT-20200621-064953.png,false,false,2020-06-21T10:49:53.000Z,20200621,274774
VT,https://covidtracking.com/screenshots/VT/VT-20200621-125129.png,false,false,2020-06-21T16:51:29.000Z,20200621,274638
VT,https://covidtracking.com/screenshots/VT/VT-20200621-185106.png,false,false,2020-06-21T22:51:06.000Z,20200621,274638
VT,https://covidtracking.com/screenshots/VT/VT-20200622-005020.png,false,false,2020-06-22T04:50:20.000Z,20200622,274638
VT,https://covidtracking.com/screenshots/VT/VT-20200622-065115.png,false,false,2020-06-22T10:51:15.000Z,20200622,274638
VT,https://covidtracking.com/screenshots/VT/VT-20200622-125052.png,false,false,2020-06-22T16:50:52.000Z,20200622,45280
VT,https://covidtracking.com/screenshots/VT/VT-20200622-185349.png,false,false,2020-06-22T22:53:49.000Z,20200622,286363
VT,https://covidtracking.com/screenshots/VT/VT-20200623-005448.png,false,false,2020-06-23T04:54:48.000Z,20200623,286363
VT,https://covidtracking.com/screenshots/VT/VT-20200623-065230.png,false,false,2020-06-23T10:52:30.000Z,20200623,286363
VT,https://covidtracking.com/screenshots/VT/VT-20200623-125330.png,false,false,2020-06-23T16:53:30.000Z,20200623,286707
VT,https://covidtracking.com/screenshots/VT/VT-20200623-185007.png,false,false,2020-06-23T22:50:07.000Z,20200623,9597
VT,https://covidtracking.com/screenshots/VT/VT-20200624-005210.png,false,false,2020-06-24T04:52:10.000Z,20200624,286707
VT,https://covidtracking.com/screenshots/VT/VT-20200624-065712.png,false,false,2020-06-24T10:57:12.000Z,20200624,286707
VT,https://covidtracking.com/screenshots/VT/VT-20200624-125314.png,false,false,2020-06-24T16:53:14.000Z,20200624,292144
VT,https://covidtracking.com/screenshots/VT/VT-20200624-185132.png,false,false,2020-06-24T22:51:32.000Z,20200624,292144
VT,https://covidtracking.com/screenshots/VT/VT-20200625-005303.png,false,false,2020-06-25T04:53:03.000Z,20200625,292144
VT,https://covidtracking.com/screenshots/VT/VT-20200625-065501.png,false,false,2020-06-25T10:55:01.000Z,20200625,292144
VT,https://covidtracking.com/screenshots/VT/VT-20200625-125500.png,false,false,2020-06-25T16:55:00.000Z,20200625,288630
VT,https://covidtracking.com/screenshots/VT/VT-20200625-185347.png,false,false,2020-06-25T22:53:47.000Z,20200625,288630
VT,https://covidtracking.com/screenshots/VT/VT-20200626-005259.png,false,false,2020-06-26T04:52:59.000Z,20200626,288630
VT,https://covidtracking.com/screenshots/VT/VT-20200626-065553.png,false,false,2020-06-26T10:55:53.000Z,20200626,288630
VT,https://covidtracking.com/screenshots/VT/VT-20200626-125145.png,false,false,2020-06-26T16:51:45.000Z,20200626,286628
VT,https://covidtracking.com/screenshots/VT/VT-20200626-185435.png,false,false,2020-06-26T22:54:35.000Z,20200626,286628
VT,https://covidtracking.com/screenshots/VT/VT-20200627-005318.png,false,false,2020-06-27T04:53:18.000Z,20200627,286628
VT,https://covidtracking.com/screenshots/VT/VT-20200627-065915.png,false,false,2020-06-27T10:59:15.000Z,20200627,286628
VT,https://covidtracking.com/screenshots/VT/VT-20200627-125300.png,false,false,2020-06-27T16:53:00.000Z,20200627,285663
VT,https://covidtracking.com/screenshots/VT/VT-20200627-185229.png,false,false,2020-06-27T22:52:29.000Z,20200627,285663
VT,https://covidtracking.com/screenshots/VT/VT-20200628-005302.png,false,false,2020-06-28T04:53:02.000Z,20200628,285663
VT,https://covidtracking.com/screenshots/VT/VT-20200628-065200.png,false,false,2020-06-28T10:52:00.000Z,20200628,285663
VT,https://covidtracking.com/screenshots/VT/VT-20200628-125339.png,false,false,2020-06-28T16:53:39.000Z,20200628,281921
VT,https://covidtracking.com/screenshots/VT/VT-20200628-185337.png,false,false,2020-06-28T22:53:37.000Z,20200628,281921
VT,https://covidtracking.com/screenshots/VT/VT-20200629-005422.png,false,false,2020-06-29T04:54:22.000Z,20200629,75409
VT,https://covidtracking.com/screenshots/VT/VT-20200629-065450.png,false,false,2020-06-29T10:54:50.000Z,20200629,281921
VT,https://covidtracking.com/screenshots/VT/VT-20200629-125238.png,false,false,2020-06-29T16:52:38.000Z,20200629,286357
VT,https://covidtracking.com/screenshots/VT/VT-20200629-185331.png,false,false,2020-06-29T22:53:31.000Z,20200629,286357
VT,https://covidtracking.com/screenshots/VT/VT-20200630-005323.png,false,false,2020-06-30T04:53:23.000Z,20200630,286357
VT,https://covidtracking.com/screenshots/VT/VT-20200630-065159.png,false,false,2020-06-30T10:51:59.000Z,20200630,286357
VT,https://covidtracking.com/screenshots/VT/VT-20200630-125413.png,false,false,2020-06-30T16:54:13.000Z,20200630,290802
VT,https://covidtracking.com/screenshots/VT/VT-secondary-20200622-185408.png,true,false,2020-06-22T22:54:08.000Z,20200622,825028
VT,https://covidtracking.com/screenshots/VT/VT-secondary-20200623-005505.png,true,false,2020-06-23T04:55:05.000Z,20200623,996388
VT,https://covidtracking.com/screenshots/VT/VT-secondary-20200623-065244.png,true,false,2020-06-23T10:52:44.000Z,20200623,996388
VT,https://covidtracking.com/screenshots/VT/VT-secondary-20200623-125346.png,true,false,2020-06-23T16:53:46.000Z,20200623,997034
VT,https://covidtracking.com/screenshots/VT/VT-secondary-20200623-185026.png,true,false,2020-06-23T22:50:26.000Z,20200623,821160
VT,https://covidtracking.com/screenshots/VT/VT-secondary-20200624-005230.png,true,false,2020-06-24T04:52:30.000Z,20200624,992723
VT,https://covidtracking.com/screenshots/VT/VT-secondary-20200624-065731.png,true,false,2020-06-24T10:57:31.000Z,20200624,992723
VT,https://covidtracking.com/screenshots/VT/VT-secondary-20200624-125328.png,true,false,2020-06-24T16:53:28.000Z,20200624,1003035
VT,https://covidtracking.com/screenshots/VT/VT-secondary-20200624-185146.png,true,false,2020-06-24T22:51:46.000Z,20200624,997331
VT,https://covidtracking.com/screenshots/VT/VT-secondary-20200625-005328.png,true,false,2020-06-25T04:53:28.000Z,20200625,997331
VT,https://covidtracking.com/screenshots/VT/VT-secondary-20200625-065517.png,true,false,2020-06-25T10:55:17.000Z,20200625,997331
VT,https://covidtracking.com/screenshots/VT/VT-secondary-20200625-125525.png,true,false,2020-06-25T16:55:25.000Z,20200625,978636
VT,https://covidtracking.com/screenshots/VT/VT-secondary-20200625-185403.png,true,false,2020-06-25T22:54:03.000Z,20200625,968733
VT,https://covidtracking.com/screenshots/VT/VT-secondary-20200626-005314.png,true,false,2020-06-26T04:53:14.000Z,20200626,975319
VT,https://covidtracking.com/screenshots/VT/VT-secondary-20200626-065620.png,true,false,2020-06-26T10:56:20.000Z,20200626,975319
VT,https://covidtracking.com/screenshots/VT/VT-secondary-20200626-125202.png,true,false,2020-06-26T16:52:02.000Z,20200626,941067
VT,https://covidtracking.com/screenshots/VT/VT-secondary-20200626-185449.png,true,false,2020-06-26T22:54:49.000Z,20200626,941410
VT,https://covidtracking.com/screenshots/VT/VT-secondary-20200627-005334.png,true,false,2020-06-27T04:53:34.000Z,20200627,937406
VT,https://covidtracking.com/screenshots/VT/VT-secondary-20200627-065937.png,true,false,2020-06-27T10:59:37.000Z,20200627,937406
VT,https://covidtracking.com/screenshots/VT/VT-secondary-20200627-125314.png,true,false,2020-06-27T16:53:14.000Z,20200627,936380
VT,https://covidtracking.com/screenshots/VT/VT-secondary-20200627-185242.png,true,false,2020-06-27T22:52:42.000Z,20200627,936450
VT,https://covidtracking.com/screenshots/VT/VT-secondary-20200628-005324.png,true,false,2020-06-28T04:53:24.000Z,20200628,939989
VT,https://covidtracking.com/screenshots/VT/VT-secondary-20200628-065225.png,true,false,2020-06-28T10:52:25.000Z,20200628,939989
VT,https://covidtracking.com/screenshots/VT/VT-secondary-20200628-125359.png,true,false,2020-06-28T16:53:59.000Z,20200628,939777
VT,https://covidtracking.com/screenshots/VT/VT-secondary-20200628-185352.png,true,false,2020-06-28T22:53:52.000Z,20200628,939777
VT,https://covidtracking.com/screenshots/VT/VT-secondary-20200629-005438.png,true,false,2020-06-29T04:54:38.000Z,20200629,930858
VT,https://covidtracking.com/screenshots/VT/VT-secondary-20200629-065514.png,true,false,2020-06-29T10:55:14.000Z,20200629,794622
VT,https://covidtracking.com/screenshots/VT/VT-secondary-20200629-125254.png,true,false,2020-06-29T16:52:54.000Z,20200629,942727
VT,https://covidtracking.com/screenshots/VT/VT-secondary-20200629-185404.png,true,false,2020-06-29T22:54:04.000Z,20200629,930622
VT,https://covidtracking.com/screenshots/VT/VT-secondary-20200630-005345.png,true,false,2020-06-30T04:53:45.000Z,20200630,938725
VT,https://covidtracking.com/screenshots/VT/VT-secondary-20200630-065215.png,true,false,2020-06-30T10:52:15.000Z,20200630,938725
VT,https://covidtracking.com/screenshots/VT/VT-secondary-20200630-125431.png,true,false,2020-06-30T16:54:31.000Z,20200630,941153
